<dec f='llvm/llvm/include/llvm/ADT/StringExtras.h' l='358' type='std::string llvm::convertToCamelFromSnakeCase(llvm::StringRef input, bool capitalizeFirst = false)'/>
<doc f='llvm/llvm/include/llvm/ADT/StringExtras.h' l='354'>/// Converts a string from snake-case to camel-case by replacing all occurrences
/// of &apos;_&apos; followed by a lowercase letter with the letter in uppercase.
/// Optionally allow capitalization of the first letter (if it is a lowercase
/// letter)</doc>
<def f='llvm/llvm/lib/Support/StringExtras.cpp' l='115' ll='137' type='std::string llvm::convertToCamelFromSnakeCase(llvm::StringRef input, bool capitalizeFirst = false)'/>
<use f='llvm/llvm/unittests/ADT/StringExtrasTest.cpp' l='160' u='c' c='_ZN45StringExtras_ConvertToCamelFromSnakeCase_Test8TestBodyEv'/>
<use f='llvm/llvm/unittests/ADT/StringExtrasTest.cpp' l='160' u='c' c='_ZN45StringExtras_ConvertToCamelFromSnakeCase_Test8TestBodyEv'/>
